{"primary":{"(:gemv,64)":{"timepereval":[{"isnull":false,"value":1282.8508376808645},1316.0395685121714,{"isnull":false,"value":1349.2282993434783}],"rsquared":{"isnull":false,"value":0.9528824064344569},"gcpercent":[{"isnull":false,"value":0.0},0.0,{"isnull":false,"value":0.0}],"nsamples":2801,"nevals":28201,"nbytes":592,"nallocs":2},"(:gemv,4)":{"timepereval":[{"isnull":false,"value":277.8994425658126},283.78230311015943,{"isnull":false,"value":289.6651636545063}],"rsquared":{"isnull":false,"value":0.9555266320945934},"gcpercent":[{"isnull":false,"value":0.0},0.0,{"isnull":false,"value":0.0}],"nsamples":3901,"nevals":82201,"nbytes":112,"nallocs":2},"(:gemv,16)":{"timepereval":[{"isnull":false,"value":388.75372616984265},397.16450502350517,{"isnull":false,"value":405.5752838771677}],"rsquared":{"isnull":false,"value":0.9502913768480055},"gcpercent":[{"isnull":false,"value":0.0},0.0,{"isnull":false,"value":0.0}],"nsamples":4201,"nevals":109601,"nbytes":208,"nallocs":2},"(:gemv,1024)":{"timepereval":[{"isnull":false,"value":112473.00332971613},149814.76,{"isnull":false,"value":187156.5166702839}],"rsquared":{"isnull":true,"value":149814.76},"gcpercent":[{"isnull":false,"value":0.0},0.0,{"isnull":false,"value":0.0}],"nsamples":100,"nevals":100,"nbytes":8304,"nallocs":3},"(:gemv,256)":{"timepereval":[{"isnull":false,"value":3674.1765966237836},9130.43,{"isnull":false,"value":14586.683403376217}],"rsquared":{"isnull":true,"value":9130.43},"gcpercent":[{"isnull":false,"value":0.0},0.0,{"isnull":false,"value":0.0}],"nsamples":100,"nevals":100,"nbytes":2144,"nallocs":2}},"table":{"(:gemv,64)":{"time":1316.0395685121714,"gctime":0.0,"bytes":592.0,"allocs":2.0},"(:gemv,4)":{"time":283.78230311015943,"gctime":0.0,"bytes":112.0,"allocs":2.0},"(:gemv,16)":{"time":397.16450502350517,"gctime":0.0,"bytes":208.0,"allocs":2.0},"(:gemv,1024)":{"time":149814.76,"gctime":0.0,"bytes":8304.0,"allocs":3.0},"(:gemv,256)":{"time":9130.43,"gctime":0.0,"bytes":2144.0,"allocs":2.0}}}